<?xml version="1.0" encoding="utf-8" ?>
<dwsync>
<file name="layer-switcher-maximize.png" server="mobile.sheridanc.on.ca//home/duongja/public_html/" local="129672914970000000" remote="130020584980000000" />
<file name="hydro_icon.png" server="mobile.sheridanc.on.ca//home/duongja/public_html/" local="129672914970000000" remote="130020584980000000" />
<file name="zoombar.png" server="mobile.sheridanc.on.ca//home/duongja/public_html/" local="129672915000000000" remote="130020585050000000" />
<file name="bio_mass_icon.png" server="mobile.sheridanc.on.ca//home/duongja/public_html/" local="129672914960000000" remote="130020584970000000" />
<file name="cloud-popup-relative.png" server="mobile.sheridanc.on.ca//home/duongja/public_html/" local="129672914960000000" remote="130020584970000000" />
<file name="drag-rectangle-on.png" server="mobile.sheridanc.on.ca//home/duongja/public_html/" local="129672914970000000" remote="130020584970000000" />
<file name="layer-switcher-minimize.png" server="mobile.sheridanc.on.ca//home/duongja/public_html/" local="129672914970000000" remote="130020584980000000" />
<file name="south-mini.png" server="mobile.sheridanc.on.ca//home/duongja/public_html/" local="129672914990000000" remote="130020585020000000" />
<file name="zoom-plus-mini.png" server="mobile.sheridanc.on.ca//home/duongja/public_html/" local="129672914990000000" remote="130020585040000000" />
<file name="blank.gif" server="mobile.sheridanc.on.ca//home/duongja/public_html/" local="129672914960000000" remote="130020584970000000" />
<file name="gas_icon.png" server="mobile.sheridanc.on.ca//home/duongja/public_html/" local="129672914970000000" remote="130020584980000000" />
<file name="bio_energy_icon.png" server="mobile.sheridanc.on.ca//home/duongja/public_html/" local="129672914960000000" remote="130020584970000000" />
<file name="zoom-minus-mini.png" server="mobile.sheridanc.on.ca//home/duongja/public_html/" local="129672914990000000" remote="130020585030000000" />
<file name="drag-rectangle-off.png" server="mobile.sheridanc.on.ca//home/duongja/public_html/" local="129672914970000000" remote="130020584970000000" />
<file name="marker-green.png" server="mobile.sheridanc.on.ca//home/duongja/public_html/" local="129672914980000000" remote="130020584990000000" />
<file name="measuring-stick-on.png" server="mobile.sheridanc.on.ca//home/duongja/public_html/" local="129672914980000000" remote="130020585000000000" />
<file name="marker-blue.png" server="mobile.sheridanc.on.ca//home/duongja/public_html/" local="129672914970000000" remote="130020584980000000" />
<file name="north-mini.png" server="mobile.sheridanc.on.ca//home/duongja/public_html/" local="129672914980000000" remote="130020585000000000" />
<file name="panning-hand-on.png" server="mobile.sheridanc.on.ca//home/duongja/public_html/" local="129672914980000000" remote="130020585010000000" />
<file name="marker.png" server="mobile.sheridanc.on.ca//home/duongja/public_html/" local="129672914980000000" remote="130020584990000000" />
<file name="slider.png" server="mobile.sheridanc.on.ca//home/duongja/public_html/" local="129672914990000000" remote="130020585010000000" />
<file name="measuring-stick-off.png" server="mobile.sheridanc.on.ca//home/duongja/public_html/" local="129672914980000000" remote="130020584990000000" />
<file name="nuclear_icon.png" server="mobile.sheridanc.on.ca//home/duongja/public_html/" local="129672914980000000" remote="130020585000000000" />
<file name="solar_icon.png" server="mobile.sheridanc.on.ca//home/duongja/public_html/" local="129672914990000000" remote="130020585020000000" />
<file name="zoom-world-mini.png" server="mobile.sheridanc.on.ca//home/duongja/public_html/" local="129672914990000000" remote="130020585040000000" />
<file name="coal_icon.png" server="mobile.sheridanc.on.ca//home/duongja/public_html/" local="129672914960000000" remote="130020584970000000" />
<file name="west-mini.png" server="mobile.sheridanc.on.ca//home/duongja/public_html/" local="129672914990000000" remote="130020585020000000" />
<file name="marker-gold.png" server="mobile.sheridanc.on.ca//home/duongja/public_html/" local="129672914980000000" remote="130020584980000000" />
<file name="east-mini.png" server="mobile.sheridanc.on.ca//home/duongja/public_html/" local="129672914970000000" remote="130020584970000000" />
<file name="panning-hand-off.png" server="mobile.sheridanc.on.ca//home/duongja/public_html/" local="129672914980000000" remote="130020585010000000" />
<file name="wind_icon.png" server="mobile.sheridanc.on.ca//home/duongja/public_html/" local="129672914990000000" remote="130020585030000000" />
</dwsync>