<?xml version="1.0" encoding="utf-8" ?>
<dwsync>
<file name="layer-switcher-maximize.png" server="mobile.sheridanc.on.ca//home/duongja/public_html/" local="129672915010000000" remote="130020585100000000" />
<file name="zoombar.png" server="mobile.sheridanc.on.ca//home/duongja/public_html/" local="129672915030000000" remote="130020585150000000" />
<file name="cloud-popup-relative.png" server="mobile.sheridanc.on.ca//home/duongja/public_html/" local="129672915010000000" remote="130020585090000000" />
<file name="drag-rectangle-on.png" server="mobile.sheridanc.on.ca//home/duongja/public_html/" local="129672915010000000" remote="130020585100000000" />
<file name="layer-switcher-minimize.png" server="mobile.sheridanc.on.ca//home/duongja/public_html/" local="129672915010000000" remote="130020585100000000" />
<file name="south-mini.png" server="mobile.sheridanc.on.ca//home/duongja/public_html/" local="129672915030000000" remote="130020585130000000" />
<file name="zoom-plus-mini.png" server="mobile.sheridanc.on.ca//home/duongja/public_html/" local="129672915030000000" remote="130020585140000000" />
<file name="blank.gif" server="mobile.sheridanc.on.ca//home/duongja/public_html/" local="129672915010000000" remote="130020585090000000" />
<file name="zoom-minus-mini.png" server="mobile.sheridanc.on.ca//home/duongja/public_html/" local="129672915030000000" remote="130020585140000000" />
<file name="drag-rectangle-off.png" server="mobile.sheridanc.on.ca//home/duongja/public_html/" local="129672915010000000" remote="130020585090000000" />
<file name="marker-green.png" server="mobile.sheridanc.on.ca//home/duongja/public_html/" local="129672915020000000" remote="130020585110000000" />
<file name="measuring-stick-on.png" server="mobile.sheridanc.on.ca//home/duongja/public_html/" local="129672915020000000" remote="130020585120000000" />
<file name="marker-blue.png" server="mobile.sheridanc.on.ca//home/duongja/public_html/" local="129672915010000000" remote="130020585100000000" />
<file name="north-mini.png" server="mobile.sheridanc.on.ca//home/duongja/public_html/" local="129672915020000000" remote="130020585120000000" />
<file name="panning-hand-on.png" server="mobile.sheridanc.on.ca//home/duongja/public_html/" local="129672915020000000" remote="130020585120000000" />
<file name="marker.png" server="mobile.sheridanc.on.ca//home/duongja/public_html/" local="129672915020000000" remote="130020585110000000" />
<file name="slider.png" server="mobile.sheridanc.on.ca//home/duongja/public_html/" local="129672915020000000" remote="130020585130000000" />
<file name="measuring-stick-off.png" server="mobile.sheridanc.on.ca//home/duongja/public_html/" local="129672915020000000" remote="130020585110000000" />
<file name="zoom-world-mini.png" server="mobile.sheridanc.on.ca//home/duongja/public_html/" local="129672915030000000" remote="130020585140000000" />
<file name="west-mini.png" server="mobile.sheridanc.on.ca//home/duongja/public_html/" local="129672915030000000" remote="130020585130000000" />
<file name="marker-gold.png" server="mobile.sheridanc.on.ca//home/duongja/public_html/" local="129672915020000000" remote="130020585110000000" />
<file name="east-mini.png" server="mobile.sheridanc.on.ca//home/duongja/public_html/" local="129672915010000000" remote="130020585100000000" />
<file name="panning-hand-off.png" server="mobile.sheridanc.on.ca//home/duongja/public_html/" local="129672915020000000" remote="130020585120000000" />
</dwsync>