<?xml version="1.0" encoding="utf-8" ?>
<dwsync>
<file name="write_db.php" server="mobile.sheridanc.on.ca//home/duongja/public_html/" local="129682479310000000" remote="130020585860000000" />
<file name="simple-map.html" server="mobile.sheridanc.on.ca//home/duongja/public_html/" local="129672915140000000" remote="130020585850000000" />
<file name="global.js" server="mobile.sheridanc.on.ca//home/duongja/public_html/" local="129672914960000000" remote="130020584950000000" />
<file name="style.css" server="mobile.sheridanc.on.ca//home/duongja/public_html/" local="129672915140000000" remote="130020585630000000" />
<file name="style1.css" server="mobile.sheridanc.on.ca//home/duongja/public_html/" local="129672915140000000" remote="130020585630000000" />
<file name="generators.geojson" server="mobile.sheridanc.on.ca//home/duongja/public_html/" local="129695523440000000" remote="130020584950000000" />
<file name="OpenLayers.js" server="mobile.sheridanc.on.ca//home/duongja/public_html/" local="129672915140000000" remote="130020585830000000" />
<file name="clear_db.php" server="mobile.sheridanc.on.ca//home/duongja/public_html/" local="129672914950000000" remote="130020584940000000" />
<file name="index.php" server="mobile.sheridanc.on.ca//home/duongja/public_html/" local="129682436410000000" remote="130020588270000000" />
</dwsync>