<?xml version="1.0" encoding="utf-8" ?>
<dwsync>
<file name="editing_tool_bar.png" server="mobile.sheridanc.on.ca//home/duongja/public_html/" local="129672915080000000" remote="130020585440000000" />
<file name="blank2.gif" server="mobile.sheridanc.on.ca//home/duongja/public_html/" local="129672915070000000" remote="130020585410000000" />
<file name="pan_off.png" server="mobile.sheridanc.on.ca//home/duongja/public_html/" local="129672915100000000" remote="130020585480000000" />
<file name="save_features_on.png" server="mobile.sheridanc.on.ca//home/duongja/public_html/" local="129672915110000000" remote="130020585500000000" />
<file name="drag-rectangle-on.png" server="mobile.sheridanc.on.ca//home/duongja/public_html/" local="129672915080000000" remote="130020585420000000" />
<file name="draw_point_on.png" server="mobile.sheridanc.on.ca//home/duongja/public_html/" local="129672915080000000" remote="130020585430000000" />
<file name="zoom-panel.png" server="mobile.sheridanc.on.ca//home/duongja/public_html/" local="129672915110000000" remote="130020585520000000" />
<file name="view_previous_off.png" server="mobile.sheridanc.on.ca//home/duongja/public_html/" local="129672915110000000" remote="130020585510000000" />
<file name="view_next_on.png" server="mobile.sheridanc.on.ca//home/duongja/public_html/" local="129672915110000000" remote="130020585510000000" />
<file name="pan_on.png" server="mobile.sheridanc.on.ca//home/duongja/public_html/" local="129672915100000000" remote="130020585480000000" />
<file name="view_next_off.png" server="mobile.sheridanc.on.ca//home/duongja/public_html/" local="129672915110000000" remote="130020585510000000" />
<file name="add_point_on.png" server="mobile.sheridanc.on.ca//home/duongja/public_html/" local="129672915070000000" remote="130020585400000000" />
<file name="blank.gif" server="mobile.sheridanc.on.ca//home/duongja/public_html/" local="129672915070000000" remote="130020585410000000" />
<file name="draw_polygon_on.png" server="mobile.sheridanc.on.ca//home/duongja/public_html/" local="129672915080000000" remote="130020585440000000" />
<file name="overview_replacement.gif" server="mobile.sheridanc.on.ca//home/duongja/public_html/" local="129672915090000000" remote="130020585460000000" />
<file name="draw_point_off.png" server="mobile.sheridanc.on.ca//home/duongja/public_html/" local="129672915080000000" remote="130020585430000000" />
<file name="move_feature_on.png" server="mobile.sheridanc.on.ca//home/duongja/public_html/" local="129672915090000000" remote="130020585450000000" />
<file name="navigation_history.png" server="mobile.sheridanc.on.ca//home/duongja/public_html/" local="129672915090000000" remote="130020585460000000" />
<file name="drag-rectangle-off.png" server="mobile.sheridanc.on.ca//home/duongja/public_html/" local="129672915070000000" remote="130020585420000000" />
<file name="pan-panel.png" server="mobile.sheridanc.on.ca//home/duongja/public_html/" local="129672915090000000" remote="130020585460000000" />
<file name="remove_point_on.png" server="mobile.sheridanc.on.ca//home/duongja/public_html/" local="129672915100000000" remote="130020585490000000" />
<file name="save_features_off.png" server="mobile.sheridanc.on.ca//home/duongja/public_html/" local="129672915100000000" remote="130020585500000000" />
<file name="add_point_off.png" server="mobile.sheridanc.on.ca//home/duongja/public_html/" local="129672915070000000" remote="130020585400000000" />
<file name="panning-hand-on.png" server="mobile.sheridanc.on.ca//home/duongja/public_html/" local="129672915100000000" remote="130020585470000000" />
<file name="view_previous_on.png" server="mobile.sheridanc.on.ca//home/duongja/public_html/" local="129672915110000000" remote="130020585510000000" />
<file name="failed-tiles.png" server="mobile.sheridanc.on.ca//home/duongja/public_html/" local="129672915090000000" remote="130020585450000000" />
<file name="close.gif" server="mobile.sheridanc.on.ca//home/duongja/public_html/" local="129672915070000000" remote="130020585410000000" />
<file name="zoom-panel-NOALPHA.png" server="mobile.sheridanc.on.ca//home/duongja/public_html/" local="129672915110000000" remote="130020585360000000" />
<file name="draw_line_off.png" server="mobile.sheridanc.on.ca//home/duongja/public_html/" local="129672915080000000" remote="130020585430000000" />
<file name="move_feature_off.png" server="mobile.sheridanc.on.ca//home/duongja/public_html/" local="129672915090000000" remote="130020585450000000" />
<file name="draw_polygon_off.png" server="mobile.sheridanc.on.ca//home/duongja/public_html/" local="129672915080000000" remote="130020585440000000" />
<file name="pan-panel-NOALPHA.png" server="mobile.sheridanc.on.ca//home/duongja/public_html/" local="129672915090000000" remote="130020585370000000" />
<file name="remove_point_off.png" server="mobile.sheridanc.on.ca//home/duongja/public_html/" local="129672915100000000" remote="130020585490000000" />
<file name="panning-hand-off.png" server="mobile.sheridanc.on.ca//home/duongja/public_html/" local="129672915090000000" remote="130020585470000000" />
<file name="ruler.png" server="mobile.sheridanc.on.ca//home/duongja/public_html/" local="129672915100000000" remote="130020585500000000" />
<file name="draw_line_on.png" server="mobile.sheridanc.on.ca//home/duongja/public_html/" local="129672915080000000" remote="130020585430000000" />
</dwsync>